IndicatorCode,Indicator,ValueType,ParentLocationCode,ParentLocation,Location type,SpatialDimValueCode,Location,Period type,Period,IsLatestYear,Dim1 type,Dim1,Dim1ValueCode,Dim2 type,Dim2,Dim2ValueCode,Dim3 type,Dim3,Dim3ValueCode,DataSourceDimValueCode,DataSource,FactValueNumericPrefix,FactValueNumeric,FactValueUoM,FactValueNumericLowPrefix,FactValueNumericLow,FactValueNumericHighPrefix,FactValueNumericHigh,Value,FactValueTranslationID,FactComments,Language,DateModified
ORALHEALTH_UNTREATEDCARIESDECIDUOUS,Prevalence of untreated caries of deciduous teeth in children 1-9 years (%),numeric,WPR,Western Pacific,Country,NZL,New Zealand,Year,2019,true,,,,,,,,,,,,,18.75,,,,,,18.7,,,EN,2023-04-17 00:00:00
ORALHEALTH_UNTREATEDCARIESDECIDUOUS,Prevalence of untreated caries of deciduous teeth in children 1-9 years (%),numeric,EUR,Europe,Country,GBR,United Kingdom of Great Britain and Northern Ireland,Year,2019,true,,,,,,,,,,,,,19.47,,,,,,19.5,,,EN,2023-04-17 00:00:00
ORALHEALTH_UNTREATEDCARIESDECIDUOUS,Prevalence of untreated caries of deciduous teeth in children 1-9 years (%),numeric,EUR,Europe,Country,DNK,Denmark,Year,2019,true,,,,,,,,,,,,,20.26,,,,,,20.3,,,EN,2023-04-17 00:00:00
ORALHEALTH_UNTREATEDCARIESDECIDUOUS,Prevalence of untreated caries of deciduous teeth in children 1-9 years (%),numeric,AFR,Africa,Country,TZA,United Republic of Tanzania,Year,2019,true,,,,,,,,,,,,,22.47,,,,,,22.5,,,EN,2023-04-17 00:00:00
ORALHEALTH_UNTREATEDCARIESDECIDUOUS,Prevalence of untreated caries of deciduous teeth in children 1-9 years (%),numeric,EUR,Europe,Country,IRL,Ireland,Year,2019,true,,,,,,,,,,,,,25.40,,,,,,25.4,,,EN,2023-04-17 00:00:00
ORALHEALTH_UNTREATEDCARIESDECIDUOUS,Prevalence of untreated caries of deciduous teeth in children 1-9 years (%),numeric,EUR,Europe,Country,CHE,Switzerland,Year,2019,true,,,,,,,,,,,,,26.37,,,,,,26.4,,,EN,2023-04-17 00:00:00
ORALHEALTH_UNTREATEDCARIESDECIDUOUS,Prevalence of untreated caries of deciduous teeth in children 1-9 years (%),numeric,EUR,Europe,Country,MCO,Monaco,Year,2019,true,,,,,,,,,,,,,27.88,,,,,,27.9,,,EN,2023-04-17 00:00:00
ORALHEALTH_UNTREATEDCARIESDECIDUOUS,Prevalence of untreated caries of deciduous teeth in children 1-9 years (%),numeric,EUR,Europe,Country,AUT,Austria,Year,2019,true,,,,,,,,,,,,,29.07,,,,,,29.1,,,EN,2023-04-17 00:00:00
ORALHEALTH_UNTREATEDCARIESDECIDUOUS,Prevalence of untreated caries of deciduous teeth in children 1-9 years (%),numeric,EUR,Europe,Country,DEU,Germany,Year,2019,true,,,,,,,,,,,,,29.05,,,,,,29.1,,,EN,2023-04-17 00:00:00
ORALHEALTH_UNTREATEDCARIESDECIDUOUS,Prevalence of untreated caries of deciduous teeth in children 1-9 years (%),numeric,EUR,Europe,Country,MLT,Malta,Year,2019,true,,,,,,,,,,,,,29.09,,,,,,29.1,,,EN,2023-04-17 00:00:00
ORALHEALTH_UNTREATEDCARIESDECIDUOUS,Prevalence of untreated caries of deciduous teeth in children 1-9 years (%),numeric,EUR,Europe,Country,SMR,San Marino,Year,2019,true,,,,,,,,,,,,,29.10,,,,,,29.1,,,EN,2023-04-17 00:00:00
ORALHEALTH_UNTREATEDCARIESDECIDUOUS,Prevalence of untreated caries of deciduous teeth in children 1-9 years (%),numeric,EUR,Europe,Country,FRA,France,Year,2019,true,,,,,,,,,,,,,29.21,,,,,,29.2,,,EN,2023-04-17 00:00:00
ORALHEALTH_UNTREATEDCARIESDECIDUOUS,Prevalence of untreated caries of deciduous teeth in children 1-9 years (%),numeric,EUR,Europe,Country,ISL,Iceland,Year,2019,true,,,,,,,,,,,,,29.23,,,,,,29.2,,,EN,2023-04-17 00:00:00
ORALHEALTH_UNTREATEDCARIESDECIDUOUS,Prevalence of untreated caries of deciduous teeth in children 1-9 years (%),numeric,EUR,Europe,Country,LUX,Luxembourg,Year,2019,true,,,,,,,,,,,,,29.24,,,,,,29.2,,,EN,2023-04-17 00:00:00
ORALHEALTH_UNTREATEDCARIESDECIDUOUS,Prevalence of untreated caries of deciduous teeth in children 1-9 years (%),numeric,EUR,Europe,Country,AND,Andorra,Year,2019,true,,,,,,,,,,,,,29.30,,,,,,29.3,,,EN,2023-04-17 00:00:00
ORALHEALTH_UNTREATEDCARIESDECIDUOUS,Prevalence of untreated caries of deciduous teeth in children 1-9 years (%),numeric,EUR,Europe,Country,CYP,Cyprus,Year,2019,true,,,,,,,,,,,,,29.25,,,,,,29.3,,,EN,2023-04-17 00:00:00
ORALHEALTH_UNTREATEDCARIESDECIDUOUS,Prevalence of untreated caries of deciduous teeth in children 1-9 years (%),numeric,EUR,Europe,Country,PRT,Portugal,Year,2019,true,,,,,,,,,,,,,29.78,,,,,,29.8,,,EN,2023-04-17 00:00:00
ORALHEALTH_UNTREATEDCARIESDECIDUOUS,Prevalence of untreated caries of deciduous teeth in children 1-9 years (%),numeric,EUR,Europe,Country,BEL,Belgium,Year,2019,true,,,,,,,,,,,,,30.22,,,,,,30.2,,,EN,2023-04-17 00:00:00
ORALHEALTH_UNTREATEDCARIESDECIDUOUS,Prevalence of untreated caries of deciduous teeth in children 1-9 years (%),numeric,EUR,Europe,Country,NLD,Netherlands (Kingdom of the),Year,2019,true,,,,,,,,,,,,,31.64,,,,,,31.6,,,EN,2023-04-17 00:00:00
ORALHEALTH_UNTREATEDCARIESDECIDUOUS,Prevalence of untreated caries of deciduous teeth in children 1-9 years (%),numeric,AMR,Americas,Country,TTO,Trinidad and Tobago,Year,2019,true,,,,,,,,,,,,,32.33,,,,,,32.3,,,EN,2023-04-17 00:00:00
ORALHEALTH_UNTREATEDCARIESDECIDUOUS,Prevalence of untreated caries of deciduous teeth in children 1-9 years (%),numeric,AMR,Americas,Country,COL,Colombia,Year,2019,true,,,,,,,,,,,,,33.14,,,,,,33.1,,,EN,2023-04-17 00:00:00
ORALHEALTH_UNTREATEDCARIESDECIDUOUS,Prevalence of untreated caries of deciduous teeth in children 1-9 years (%),numeric,EUR,Europe,Country,ESP,Spain,Year,2019,true,,,,,,,,,,,,,33.24,,,,,,33.2,,,EN,2023-04-17 00:00:00
ORALHEALTH_UNTREATEDCARIESDECIDUOUS,Prevalence of untreated caries of deciduous teeth in children 1-9 years (%),numeric,AFR,Africa,Country,ZWE,Zimbabwe,Year,2019,true,,,,,,,,,,,,,33.47,,,,,,33.5,,,EN,2023-04-17 00:00:00
ORALHEALTH_UNTREATEDCARIESDECIDUOUS,Prevalence of untreated caries of deciduous teeth in children 1-9 years (%),numeric,EUR,Europe,Country,FIN,Finland,Year,2019,true,,,,,,,,,,,,,34.18,,,,,,34.2,,,EN,2023-04-17 00:00:00
ORALHEALTH_UNTREATEDCARIESDECIDUOUS,Prevalence of untreated caries of deciduous teeth in children 1-9 years (%),numeric,EUR,Europe,Country,GRC,Greece,Year,2019,true,,,,,,,,,,,,,34.24,,,,,,34.2,,,EN,2023-04-17 00:00:00
ORALHEALTH_UNTREATEDCARIESDECIDUOUS,Prevalence of untreated caries of deciduous teeth in children 1-9 years (%),numeric,AFR,Africa,Country,NGA,Nigeria,Year,2019,true,,,,,,,,,,,,,35.49,,,,,,35.5,,,EN,2023-04-17 00:00:00
ORALHEALTH_UNTREATEDCARIESDECIDUOUS,Prevalence of untreated caries of deciduous teeth in children 1-9 years (%),numeric,AFR,Africa,Country,GNQ,Equatorial Guinea,Year,2019,true,,,,,,,,,,,,,35.89,,,,,,35.9,,,EN,2023-04-17 00:00:00
ORALHEALTH_UNTREATEDCARIESDECIDUOUS,Prevalence of untreated caries of deciduous teeth in children 1-9 years (%),numeric,EUR,Europe,Country,ITA,Italy,Year,2019,true,,,,,,,,,,,,,36.12,,,,,,36.1,,,EN,2023-04-17 00:00:00
ORALHEALTH_UNTREATEDCARIESDECIDUOUS,Prevalence of untreated caries of deciduous teeth in children 1-9 years (%),numeric,EUR,Europe,Country,NOR,Norway,Year,2019,true,,,,,,,,,,,,,36.10,,,,,,36.1,,,EN,2023-04-17 00:00:00
ORALHEALTH_UNTREATEDCARIESDECIDUOUS,Prevalence of untreated caries of deciduous teeth in children 1-9 years (%),numeric,SEAR,South-East Asia,Country,MMR,Myanmar,Year,2019,true,,,,,,,,,,,,,36.18,,,,,,36.2,,,EN,2023-04-17 00:00:00
ORALHEALTH_UNTREATEDCARIESDECIDUOUS,Prevalence of untreated caries of deciduous teeth in children 1-9 years (%),numeric,AFR,Africa,Country,GAB,Gabon,Year,2019,true,,,,,,,,,,,,,36.59,,,,,,36.6,,,EN,2023-04-17 00:00:00
ORALHEALTH_UNTREATEDCARIESDECIDUOUS,Prevalence of untreated caries of deciduous teeth in children 1-9 years (%),numeric,AFR,Africa,Country,SLE,Sierra Leone,Year,2019,true,,,,,,,,,,,,,37.44,,,,,,37.4,,,EN,2023-04-17 00:00:00
ORALHEALTH_UNTREATEDCARIESDECIDUOUS,Prevalence of untreated caries of deciduous teeth in children 1-9 years (%),numeric,AFR,Africa,Country,BWA,Botswana,Year,2019,true,,,,,,,,,,,,,37.58,,,,,,37.6,,,EN,2023-04-17 00:00:00
ORALHEALTH_UNTREATEDCARIESDECIDUOUS,Prevalence of untreated caries of deciduous teeth in children 1-9 years (%),numeric,AFR,Africa,Country,COG,Congo,Year,2019,true,,,,,,,,,,,,,37.58,,,,,,37.6,,,EN,2023-04-17 00:00:00
ORALHEALTH_UNTREATEDCARIESDECIDUOUS,Prevalence of untreated caries of deciduous teeth in children 1-9 years (%),numeric,AFR,Africa,Country,AGO,Angola,Year,2019,true,,,,,,,,,,,,,37.79,,,,,,37.8,,,EN,2023-04-17 00:00:00
ORALHEALTH_UNTREATEDCARIESDECIDUOUS,Prevalence of untreated caries of deciduous teeth in children 1-9 years (%),numeric,AFR,Africa,Country,NAM,Namibia,Year,2019,true,,,,,,,,,,,,,37.81,,,,,,37.8,,,EN,2023-04-17 00:00:00
ORALHEALTH_UNTREATEDCARIESDECIDUOUS,Prevalence of untreated caries of deciduous teeth in children 1-9 years (%),numeric,AFR,Africa,Country,SEN,Senegal,Year,2019,true,,,,,,,,,,,,,37.89,,,,,,37.9,,,EN,2023-04-17 00:00:00
ORALHEALTH_UNTREATEDCARIESDECIDUOUS,Prevalence of untreated caries of deciduous teeth in children 1-9 years (%),numeric,AFR,Africa,Country,CPV,Cabo Verde,Year,2019,true,,,,,,,,,,,,,38.05,,,,,,38.1,,,EN,2023-04-17 00:00:00
ORALHEALTH_UNTREATEDCARIESDECIDUOUS,Prevalence of untreated caries of deciduous teeth in children 1-9 years (%),numeric,AFR,Africa,Country,UGA,Uganda,Year,2019,true,,,,,,,,,,,,,38.27,,,,,,38.3,,,EN,2023-04-17 00:00:00
ORALHEALTH_UNTREATEDCARIESDECIDUOUS,Prevalence of untreated caries of deciduous teeth in children 1-9 years (%),numeric,AFR,Africa,Country,SSD,South Sudan,Year,2019,true,,,,,,,,,,,,,38.62,,,,,,38.6,,,EN,2023-04-17 00:00:00
ORALHEALTH_UNTREATEDCARIESDECIDUOUS,Prevalence of untreated caries of deciduous teeth in children 1-9 years (%),numeric,EUR,Europe,Country,SWE,Sweden,Year,2019,true,,,,,,,,,,,,,38.60,,,,,,38.6,,,EN,2023-04-17 00:00:00
ORALHEALTH_UNTREATEDCARIESDECIDUOUS,Prevalence of untreated caries of deciduous teeth in children 1-9 years (%),numeric,EUR,Europe,Country,ISR,Israel,Year,2019,true,,,,,,,,,,,,,38.71,,,,,,38.7,,,EN,2023-04-17 00:00:00
ORALHEALTH_UNTREATEDCARIESDECIDUOUS,Prevalence of untreated caries of deciduous teeth in children 1-9 years (%),numeric,WPR,Western Pacific,Country,AUS,Australia,Year,2019,true,,,,,,,,,,,,,38.95,,,,,,38.9,,,EN,2023-04-17 00:00:00
ORALHEALTH_UNTREATEDCARIESDECIDUOUS,Prevalence of untreated caries of deciduous teeth in children 1-9 years (%),numeric,AMR,Americas,Country,CAN,Canada,Year,2019,true,,,,,,,,,,,,,38.87,,,,,,38.9,,,EN,2023-04-17 00:00:00
ORALHEALTH_UNTREATEDCARIESDECIDUOUS,Prevalence of untreated caries of deciduous teeth in children 1-9 years (%),numeric,AFR,Africa,Country,GHA,Ghana,Year,2019,true,,,,,,,,,,,,,38.89,,,,,,38.9,,,EN,2023-04-17 00:00:00
ORALHEALTH_UNTREATEDCARIESDECIDUOUS,Prevalence of untreated caries of deciduous teeth in children 1-9 years (%),numeric,AFR,Africa,Country,CIV,Cote d'Ivoire,Year,2019,true,,,,,,,,,,,,,39.01,,,,,,39.0,,,EN,2023-04-17 00:00:00
ORALHEALTH_UNTREATEDCARIESDECIDUOUS,Prevalence of untreated caries of deciduous teeth in children 1-9 years (%),numeric,AFR,Africa,Country,MRT,Mauritania,Year,2019,true,,,,,,,,,,,,,39.05,,,,,,39.0,,,EN,2023-04-17 00:00:00
ORALHEALTH_UNTREATEDCARIESDECIDUOUS,Prevalence of untreated caries of deciduous teeth in children 1-9 years (%),numeric,AFR,Africa,Country,STP,Sao Tome and Principe,Year,2019,true,,,,,,,,,,,,,38.98,,,,,,39.0,,,EN,2023-04-17 00:00:00
ORALHEALTH_UNTREATEDCARIESDECIDUOUS,Prevalence of untreated caries of deciduous teeth in children 1-9 years (%),numeric,AFR,Africa,Country,LSO,Lesotho,Year,2019,true,,,,,,,,,,,,,39.14,,,,,,39.1,,,EN,2023-04-17 00:00:00
ORALHEALTH_UNTREATEDCARIESDECIDUOUS,Prevalence of untreated caries of deciduous teeth in children 1-9 years (%),numeric,AFR,Africa,Country,CMR,Cameroon,Year,2019,true,,,,,,,,,,,,,39.19,,,,,,39.2,,,EN,2023-04-17 00:00:00
ORALHEALTH_UNTREATEDCARIESDECIDUOUS,Prevalence of untreated caries of deciduous teeth in children 1-9 years (%),numeric,EMR,Eastern Mediterranean,Country,SYR,Syrian Arab Republic,Year,2019,true,,,,,,,,,,,,,39.32,,,,,,39.3,,,EN,2023-04-17 00:00:00
ORALHEALTH_UNTREATEDCARIESDECIDUOUS,Prevalence of untreated caries of deciduous teeth in children 1-9 years (%),numeric,AFR,Africa,Country,TCD,Chad,Year,2019,true,,,,,,,,,,,,,39.48,,,,,,39.5,,,EN,2023-04-17 00:00:00
ORALHEALTH_UNTREATEDCARIESDECIDUOUS,Prevalence of untreated caries of deciduous teeth in children 1-9 years (%),numeric,AFR,Africa,Country,COD,Democratic Republic of the Congo,Year,2019,true,,,,,,,,,,,,,39.47,,,,,,39.5,,,EN,2023-04-17 00:00:00
ORALHEALTH_UNTREATEDCARIESDECIDUOUS,Prevalence of untreated caries of deciduous teeth in children 1-9 years (%),numeric,WPR,Western Pacific,Country,JPN,Japan,Year,2019,true,,,,,,,,,,,,,39.51,,,,,,39.5,,,EN,2023-04-17 00:00:00
ORALHEALTH_UNTREATEDCARIESDECIDUOUS,Prevalence of untreated caries of deciduous teeth in children 1-9 years (%),numeric,AFR,Africa,Country,ZMB,Zambia,Year,2019,true,,,,,,,,,,,,,39.51,,,,,,39.5,,,EN,2023-04-17 00:00:00
ORALHEALTH_UNTREATEDCARIESDECIDUOUS,Prevalence of untreated caries of deciduous teeth in children 1-9 years (%),numeric,AFR,Africa,Country,BEN,Benin,Year,2019,true,,,,,,,,,,,,,39.62,,,,,,39.6,,,EN,2023-04-17 00:00:00
ORALHEALTH_UNTREATEDCARIESDECIDUOUS,Prevalence of untreated caries of deciduous teeth in children 1-9 years (%),numeric,EMR,Eastern Mediterranean,Country,DJI,Djibouti,Year,2019,true,,,,,,,,,,,,,39.72,,,,,,39.7,,,EN,2023-04-17 00:00:00
ORALHEALTH_UNTREATEDCARIESDECIDUOUS,Prevalence of untreated caries of deciduous teeth in children 1-9 years (%),numeric,AFR,Africa,Country,GMB,Gambia,Year,2019,true,,,,,,,,,,,,,39.93,,,,,,39.9,,,EN,2023-04-17 00:00:00
ORALHEALTH_UNTREATEDCARIESDECIDUOUS,Prevalence of untreated caries of deciduous teeth in children 1-9 years (%),numeric,AFR,Africa,Country,TGO,Togo,Year,2019,true,,,,,,,,,,,,,39.88,,,,,,39.9,,,EN,2023-04-17 00:00:00
ORALHEALTH_UNTREATEDCARIESDECIDUOUS,Prevalence of untreated caries of deciduous teeth in children 1-9 years (%),numeric,AFR,Africa,Country,CAF,Central African Republic,Year,2019,true,,,,,,,,,,,,,40.02,,,,,,40.0,,,EN,2023-04-17 00:00:00
ORALHEALTH_UNTREATEDCARIESDECIDUOUS,Prevalence of untreated caries of deciduous teeth in children 1-9 years (%),numeric,AFR,Africa,Country,GIN,Guinea,Year,2019,true,,,,,,,,,,,,,40.01,,,,,,40.0,,,EN,2023-04-17 00:00:00
ORALHEALTH_UNTREATEDCARIESDECIDUOUS,Prevalence of untreated caries of deciduous teeth in children 1-9 years (%),numeric,AFR,Africa,Country,RWA,Rwanda,Year,2019,true,,,,,,,,,,,,,39.99,,,,,,40.0,,,EN,2023-04-17 00:00:00
ORALHEALTH_UNTREATEDCARIESDECIDUOUS,Prevalence of untreated caries of deciduous teeth in children 1-9 years (%),numeric,AFR,Africa,Country,GNB,Guinea-Bissau,Year,2019,true,,,,,,,,,,,,,40.09,,,,,,40.1,,,EN,2023-04-17 00:00:00
ORALHEALTH_UNTREATEDCARIESDECIDUOUS,Prevalence of untreated caries of deciduous teeth in children 1-9 years (%),numeric,AFR,Africa,Country,MLI,Mali,Year,2019,true,,,,,,,,,,,,,40.09,,,,,,40.1,,,EN,2023-04-17 00:00:00
ORALHEALTH_UNTREATEDCARIESDECIDUOUS,Prevalence of untreated caries of deciduous teeth in children 1-9 years (%),numeric,AFR,Africa,Country,BFA,Burkina Faso,Year,2019,true,,,,,,,,,,,,,40.35,,,,,,40.3,,,EN,2023-04-17 00:00:00
ORALHEALTH_UNTREATEDCARIESDECIDUOUS,Prevalence of untreated caries of deciduous teeth in children 1-9 years (%),numeric,AFR,Africa,Country,COM,Comoros,Year,2019,true,,,,,,,,,,,,,40.25,,,,,,40.3,,,EN,2023-04-17 00:00:00
ORALHEALTH_UNTREATEDCARIESDECIDUOUS,Prevalence of untreated caries of deciduous teeth in children 1-9 years (%),numeric,AFR,Africa,Country,ERI,Eritrea,Year,2019,true,,,,,,,,,,,,,40.42,,,,,,40.4,,,EN,2023-04-17 00:00:00
ORALHEALTH_UNTREATEDCARIESDECIDUOUS,Prevalence of untreated caries of deciduous teeth in children 1-9 years (%),numeric,AFR,Africa,Country,LBR,Liberia,Year,2019,true,,,,,,,,,,,,,40.37,,,,,,40.4,,,EN,2023-04-17 00:00:00
ORALHEALTH_UNTREATEDCARIESDECIDUOUS,Prevalence of untreated caries of deciduous teeth in children 1-9 years (%),numeric,AMR,Americas,Country,PAN,Panama,Year,2019,true,,,,,,,,,,,,,40.37,,,,,,40.4,,,EN,2023-04-17 00:00:00
ORALHEALTH_UNTREATEDCARIESDECIDUOUS,Prevalence of untreated caries of deciduous teeth in children 1-9 years (%),numeric,AMR,Americas,Country,CRI,Costa Rica,Year,2019,true,,,,,,,,,,,,,40.56,,,,,,40.6,,,EN,2023-04-17 00:00:00
ORALHEALTH_UNTREATEDCARIESDECIDUOUS,Prevalence of untreated caries of deciduous teeth in children 1-9 years (%),numeric,AFR,Africa,Country,MWI,Malawi,Year,2019,true,,,,,,,,,,,,,40.65,,,,,,40.6,,,EN,2023-04-17 00:00:00
ORALHEALTH_UNTREATEDCARIESDECIDUOUS,Prevalence of untreated caries of deciduous teeth in children 1-9 years (%),numeric,AFR,Africa,Country,MOZ,Mozambique,Year,2019,true,,,,,,,,,,,,,40.66,,,,,,40.7,,,EN,2023-04-17 00:00:00
ORALHEALTH_UNTREATEDCARIESDECIDUOUS,Prevalence of untreated caries of deciduous teeth in children 1-9 years (%),numeric,AMR,Americas,Country,GTM,Guatemala,Year,2019,true,,,,,,,,,,,,,40.86,,,,,,40.9,,,EN,2023-04-17 00:00:00
ORALHEALTH_UNTREATEDCARIESDECIDUOUS,Prevalence of untreated caries of deciduous teeth in children 1-9 years (%),numeric,AMR,Americas,Country,ARG,Argentina,Year,2019,true,,,,,,,,,,,,,40.96,,,,,,41.0,,,EN,2023-04-17 00:00:00
ORALHEALTH_UNTREATEDCARIESDECIDUOUS,Prevalence of untreated caries of deciduous teeth in children 1-9 years (%),numeric,AMR,Americas,Country,SLV,El Salvador,Year,2019,true,,,,,,,,,,,,,40.96,,,,,,41.0,,,EN,2023-04-17 00:00:00
ORALHEALTH_UNTREATEDCARIESDECIDUOUS,Prevalence of untreated caries of deciduous teeth in children 1-9 years (%),numeric,AFR,Africa,Country,ZAF,South Africa,Year,2019,true,,,,,,,,,,,,,41.03,,,,,,41.0,,,EN,2023-04-17 00:00:00
ORALHEALTH_UNTREATEDCARIESDECIDUOUS,Prevalence of untreated caries of deciduous teeth in children 1-9 years (%),numeric,AMR,Americas,Country,VEN,Venezuela (Bolivarian Republic of),Year,2019,true,,,,,,,,,,,,,41.01,,,,,,41.0,,,EN,2023-04-17 00:00:00
ORALHEALTH_UNTREATEDCARIESDECIDUOUS,Prevalence of untreated caries of deciduous teeth in children 1-9 years (%),numeric,AMR,Americas,Country,NIC,Nicaragua,Year,2019,true,,,,,,,,,,,,,41.45,,,,,,41.5,,,EN,2023-04-17 00:00:00
ORALHEALTH_UNTREATEDCARIESDECIDUOUS,Prevalence of untreated caries of deciduous teeth in children 1-9 years (%),numeric,AFR,Africa,Country,BDI,Burundi,Year,2019,true,,,,,,,,,,,,,41.57,,,,,,41.6,,,EN,2023-04-17 00:00:00
ORALHEALTH_UNTREATEDCARIESDECIDUOUS,Prevalence of untreated caries of deciduous teeth in children 1-9 years (%),numeric,AMR,Americas,Country,HND,Honduras,Year,2019,true,,,,,,,,,,,,,41.70,,,,,,41.7,,,EN,2023-04-17 00:00:00
ORALHEALTH_UNTREATEDCARIESDECIDUOUS,Prevalence of untreated caries of deciduous teeth in children 1-9 years (%),numeric,WPR,Western Pacific,Country,SGP,Singapore,Year,2019,true,,,,,,,,,,,,,41.74,,,,,,41.7,,,EN,2023-04-17 00:00:00
ORALHEALTH_UNTREATEDCARIESDECIDUOUS,Prevalence of untreated caries of deciduous teeth in children 1-9 years (%),numeric,EMR,Eastern Mediterranean,Country,SDN,Sudan,Year,2019,true,,,,,,,,,,,,,42.09,,,,,,42.1,,,EN,2023-04-17 00:00:00
ORALHEALTH_UNTREATEDCARIESDECIDUOUS,Prevalence of untreated caries of deciduous teeth in children 1-9 years (%),numeric,AFR,Africa,Country,ETH,Ethiopia,Year,2019,true,,,,,,,,,,,,,42.30,,,,,,42.3,,,EN,2023-04-17 00:00:00
ORALHEALTH_UNTREATEDCARIESDECIDUOUS,Prevalence of untreated caries of deciduous teeth in children 1-9 years (%),numeric,AMR,Americas,Country,USA,United States of America,Year,2019,true,,,,,,,,,,,,,42.63,,,,,,42.6,,,EN,2023-04-17 00:00:00
ORALHEALTH_UNTREATEDCARIESDECIDUOUS,Prevalence of untreated caries of deciduous teeth in children 1-9 years (%),numeric,AMR,Americas,Country,PRY,Paraguay,Year,2019,true,,,,,,,,,,,,,42.68,,,,,,42.7,,,EN,2023-04-17 00:00:00
ORALHEALTH_UNTREATEDCARIESDECIDUOUS,Prevalence of untreated caries of deciduous teeth in children 1-9 years (%),numeric,EMR,Eastern Mediterranean,Country,BHR,Bahrain,Year,2019,true,,,,,,,,,,,,,42.80,,,,,,42.8,,,EN,2023-04-17 00:00:00
ORALHEALTH_UNTREATEDCARIESDECIDUOUS,Prevalence of untreated caries of deciduous teeth in children 1-9 years (%),numeric,EMR,Eastern Mediterranean,Country,JOR,Jordan,Year,2019,true,,,,,,,,,,,,,42.85,,,,,,42.8,,,EN,2023-04-17 00:00:00
ORALHEALTH_UNTREATEDCARIESDECIDUOUS,Prevalence of untreated caries of deciduous teeth in children 1-9 years (%),numeric,AMR,Americas,Country,URY,Uruguay,Year,2019,true,,,,,,,,,,,,,42.88,,,,,,42.9,,,EN,2023-04-17 00:00:00
ORALHEALTH_UNTREATEDCARIESDECIDUOUS,Prevalence of untreated caries of deciduous teeth in children 1-9 years (%),numeric,SEAR,South-East Asia,Country,BTN,Bhutan,Year,2019,true,,,,,,,,,,,,,42.97,,,,,,43.0,,,EN,2023-04-17 00:00:00
ORALHEALTH_UNTREATEDCARIESDECIDUOUS,Prevalence of untreated caries of deciduous teeth in children 1-9 years (%),numeric,EMR,Eastern Mediterranean,Country,SOM,Somalia,Year,2019,true,,,,,,,,,,,,,42.98,,,,,,43.0,,,EN,2023-04-17 00:00:00
ORALHEALTH_UNTREATEDCARIESDECIDUOUS,Prevalence of untreated caries of deciduous teeth in children 1-9 years (%),numeric,SEAR,South-East Asia,Country,LKA,Sri Lanka,Year,2019,true,,,,,,,,,,,,,43.04,,,,,,43.0,,,EN,2023-04-17 00:00:00
ORALHEALTH_UNTREATEDCARIESDECIDUOUS,Prevalence of untreated caries of deciduous teeth in children 1-9 years (%),numeric,SEAR,South-East Asia,Country,IND,India,Year,2019,true,,,,,,,,,,,,,43.33,,,,,,43.3,,,EN,2023-04-17 00:00:00
ORALHEALTH_UNTREATEDCARIESDECIDUOUS,Prevalence of untreated caries of deciduous teeth in children 1-9 years (%),numeric,AFR,Africa,Country,MUS,Mauritius,Year,2019,true,,,,,,,,,,,,,43.44,,,,,,43.4,,,EN,2023-04-17 00:00:00
ORALHEALTH_UNTREATEDCARIESDECIDUOUS,Prevalence of untreated caries of deciduous teeth in children 1-9 years (%),numeric,SEAR,South-East Asia,Country,BGD,Bangladesh,Year,2019,true,,,,,,,,,,,,,43.46,,,,,,43.5,,,EN,2023-04-17 00:00:00
ORALHEALTH_UNTREATEDCARIESDECIDUOUS,Prevalence of untreated caries of deciduous teeth in children 1-9 years (%),numeric,EMR,Eastern Mediterranean,Country,KWT,Kuwait,Year,2019,true,,,,,,,,,,,,,43.46,,,,,,43.5,,,EN,2023-04-17 00:00:00
ORALHEALTH_UNTREATEDCARIESDECIDUOUS,Prevalence of untreated caries of deciduous teeth in children 1-9 years (%),numeric,AFR,Africa,Country,SYC,Seychelles,Year,2019,true,,,,,,,,,,,,,43.51,,,,,,43.5,,,EN,2023-04-17 00:00:00
ORALHEALTH_UNTREATEDCARIESDECIDUOUS,Prevalence of untreated caries of deciduous teeth in children 1-9 years (%),numeric,AFR,Africa,Country,SWZ,Eswatini,Year,2019,true,,,,,,,,,,,,,43.75,,,,,,43.7,,,EN,2023-04-17 00:00:00
ORALHEALTH_UNTREATEDCARIESDECIDUOUS,Prevalence of untreated caries of deciduous teeth in children 1-9 years (%),numeric,AFR,Africa,Country,DZA,Algeria,Year,2019,true,,,,,,,,,,,,,43.84,,,,,,43.8,,,EN,2023-04-17 00:00:00
ORALHEALTH_UNTREATEDCARIESDECIDUOUS,Prevalence of untreated caries of deciduous teeth in children 1-9 years (%),numeric,EMR,Eastern Mediterranean,Country,LBN,Lebanon,Year,2019,true,,,,,,,,,,,,,43.80,,,,,,43.8,,,EN,2023-04-17 00:00:00
ORALHEALTH_UNTREATEDCARIESDECIDUOUS,Prevalence of untreated caries of deciduous teeth in children 1-9 years (%),numeric,EUR,Europe,Country,TUR,Türkiye,Year,2019,true,,,,,,,,,,,,,43.76,,,,,,43.8,,,EN,2023-04-17 00:00:00
ORALHEALTH_UNTREATEDCARIESDECIDUOUS,Prevalence of untreated caries of deciduous teeth in children 1-9 years (%),numeric,AMR,Americas,Country,BHS,Bahamas,Year,2019,true,,,,,,,,,,,,,43.95,,,,,,43.9,,,EN,2023-04-17 00:00:00
ORALHEALTH_UNTREATEDCARIESDECIDUOUS,Prevalence of untreated caries of deciduous teeth in children 1-9 years (%),numeric,EMR,Eastern Mediterranean,Country,IRQ,Iraq,Year,2019,true,,,,,,,,,,,,,43.94,,,,,,43.9,,,EN,2023-04-17 00:00:00
ORALHEALTH_UNTREATEDCARIESDECIDUOUS,Prevalence of untreated caries of deciduous teeth in children 1-9 years (%),numeric,WPR,Western Pacific,Country,BRN,Brunei Darussalam,Year,2019,true,,,,,,,,,,,,,44.00,,,,,,44.0,,,EN,2023-04-17 00:00:00
ORALHEALTH_UNTREATEDCARIESDECIDUOUS,Prevalence of untreated caries of deciduous teeth in children 1-9 years (%),numeric,SEAR,South-East Asia,Country,MDV,Maldives,Year,2019,true,,,,,,,,,,,,,44.01,,,,,,44.0,,,EN,2023-04-17 00:00:00
ORALHEALTH_UNTREATEDCARIESDECIDUOUS,Prevalence of untreated caries of deciduous teeth in children 1-9 years (%),numeric,AMR,Americas,Country,MEX,Mexico,Year,2019,true,,,,,,,,,,,,,43.97,,,,,,44.0,,,EN,2023-04-17 00:00:00
ORALHEALTH_UNTREATEDCARIESDECIDUOUS,Prevalence of untreated caries of deciduous teeth in children 1-9 years (%),numeric,EMR,Eastern Mediterranean,Country,EGY,Egypt,Year,2019,true,,,,,,,,,,,,,44.08,,,,,,44.1,,,EN,2023-04-17 00:00:00
ORALHEALTH_UNTREATEDCARIESDECIDUOUS,Prevalence of untreated caries of deciduous teeth in children 1-9 years (%),numeric,EMR,Eastern Mediterranean,Country,LBY,Libya,Year,2019,true,,,,,,,,,,,,,44.06,,,,,,44.1,,,EN,2023-04-17 00:00:00
ORALHEALTH_UNTREATEDCARIESDECIDUOUS,Prevalence of untreated caries of deciduous teeth in children 1-9 years (%),numeric,WPR,Western Pacific,Country,MYS,Malaysia,Year,2019,true,,,,,,,,,,,,,44.13,,,,,,44.1,,,EN,2023-04-17 00:00:00
ORALHEALTH_UNTREATEDCARIESDECIDUOUS,Prevalence of untreated caries of deciduous teeth in children 1-9 years (%),numeric,EMR,Eastern Mediterranean,Country,TUN,Tunisia,Year,2019,true,,,,,,,,,,,,,44.10,,,,,,44.1,,,EN,2023-04-17 00:00:00
ORALHEALTH_UNTREATEDCARIESDECIDUOUS,Prevalence of untreated caries of deciduous teeth in children 1-9 years (%),numeric,AMR,Americas,Country,KNA,Saint Kitts and Nevis,Year,2019,true,,,,,,,,,,,,,44.21,,,,,,44.2,,,EN,2023-04-17 00:00:00
ORALHEALTH_UNTREATEDCARIESDECIDUOUS,Prevalence of untreated caries of deciduous teeth in children 1-9 years (%),numeric,EMR,Eastern Mediterranean,Country,MAR,Morocco,Year,2019,true,,,,,,,,,,,,,44.40,,,,,,44.4,,,EN,2023-04-17 00:00:00
ORALHEALTH_UNTREATEDCARIESDECIDUOUS,Prevalence of untreated caries of deciduous teeth in children 1-9 years (%),numeric,AMR,Americas,Country,ATG,Antigua and Barbuda,Year,2019,true,,,,,,,,,,,,,44.50,,,,,,44.5,,,EN,2023-04-17 00:00:00
ORALHEALTH_UNTREATEDCARIESDECIDUOUS,Prevalence of untreated caries of deciduous teeth in children 1-9 years (%),numeric,AMR,Americas,Country,BRB,Barbados,Year,2019,true,,,,,,,,,,,,,44.59,,,,,,44.6,,,EN,2023-04-17 00:00:00
ORALHEALTH_UNTREATEDCARIESDECIDUOUS,Prevalence of untreated caries of deciduous teeth in children 1-9 years (%),numeric,AMR,Americas,Country,PER,Peru,Year,2019,true,,,,,,,,,,,,,44.63,,,,,,44.6,,,EN,2023-04-17 00:00:00
ORALHEALTH_UNTREATEDCARIESDECIDUOUS,Prevalence of untreated caries of deciduous teeth in children 1-9 years (%),numeric,AMR,Americas,Country,SUR,Suriname,Year,2019,true,,,,,,,,,,,,,44.59,,,,,,44.6,,,EN,2023-04-17 00:00:00
ORALHEALTH_UNTREATEDCARIESDECIDUOUS,Prevalence of untreated caries of deciduous teeth in children 1-9 years (%),numeric,AMR,Americas,Country,DMA,Dominica,Year,2019,true,,,,,,,,,,,,,44.68,,,,,,44.7,,,EN,2023-04-17 00:00:00
ORALHEALTH_UNTREATEDCARIESDECIDUOUS,Prevalence of untreated caries of deciduous teeth in children 1-9 years (%),numeric,AFR,Africa,Country,MDG,Madagascar,Year,2019,true,,,,,,,,,,,,,44.69,,,,,,44.7,,,EN,2023-04-17 00:00:00
ORALHEALTH_UNTREATEDCARIESDECIDUOUS,Prevalence of untreated caries of deciduous teeth in children 1-9 years (%),numeric,AMR,Americas,Country,LCA,Saint Lucia,Year,2019,true,,,,,,,,,,,,,44.75,,,,,,44.7,,,EN,2023-04-17 00:00:00
ORALHEALTH_UNTREATEDCARIESDECIDUOUS,Prevalence of untreated caries of deciduous teeth in children 1-9 years (%),numeric,SEAR,South-East Asia,Country,THA,Thailand,Year,2019,true,,,,,,,,,,,,,44.75,,,,,,44.7,,,EN,2023-04-17 00:00:00
ORALHEALTH_UNTREATEDCARIESDECIDUOUS,Prevalence of untreated caries of deciduous teeth in children 1-9 years (%),numeric,AMR,Americas,Country,GRD,Grenada,Year,2019,true,,,,,,,,,,,,,44.81,,,,,,44.8,,,EN,2023-04-17 00:00:00
ORALHEALTH_UNTREATEDCARIESDECIDUOUS,Prevalence of untreated caries of deciduous teeth in children 1-9 years (%),numeric,SEAR,South-East Asia,Country,TLS,Timor-Leste,Year,2019,true,,,,,,,,,,,,,44.77,,,,,,44.8,,,EN,2023-04-17 00:00:00
ORALHEALTH_UNTREATEDCARIESDECIDUOUS,Prevalence of untreated caries of deciduous teeth in children 1-9 years (%),numeric,AFR,Africa,Country,KEN,Kenya,Year,2019,true,,,,,,,,,,,,,44.93,,,,,,44.9,,,EN,2023-04-17 00:00:00
ORALHEALTH_UNTREATEDCARIESDECIDUOUS,Prevalence of untreated caries of deciduous teeth in children 1-9 years (%),numeric,AMR,Americas,Country,ECU,Ecuador,Year,2019,true,,,,,,,,,,,,,44.96,,,,,,45.0,,,EN,2023-04-17 00:00:00
ORALHEALTH_UNTREATEDCARIESDECIDUOUS,Prevalence of untreated caries of deciduous teeth in children 1-9 years (%),numeric,AMR,Americas,Country,JAM,Jamaica,Year,2019,true,,,,,,,,,,,,,45.05,,,,,,45.0,,,EN,2023-04-17 00:00:00
ORALHEALTH_UNTREATEDCARIESDECIDUOUS,Prevalence of untreated caries of deciduous teeth in children 1-9 years (%),numeric,WPR,Western Pacific,Country,PHL,Philippines,Year,2019,true,,,,,,,,,,,,,44.95,,,,,,45.0,,,EN,2023-04-17 00:00:00
ORALHEALTH_UNTREATEDCARIESDECIDUOUS,Prevalence of untreated caries of deciduous teeth in children 1-9 years (%),numeric,EMR,Eastern Mediterranean,Country,YEM,Yemen,Year,2019,true,,,,,,,,,,,,,45.03,,,,,,45.0,,,EN,2023-04-17 00:00:00
ORALHEALTH_UNTREATEDCARIESDECIDUOUS,Prevalence of untreated caries of deciduous teeth in children 1-9 years (%),numeric,AMR,Americas,Country,BLZ,Belize,Year,2019,true,,,,,,,,,,,,,45.07,,,,,,45.1,,,EN,2023-04-17 00:00:00
ORALHEALTH_UNTREATEDCARIESDECIDUOUS,Prevalence of untreated caries of deciduous teeth in children 1-9 years (%),numeric,WPR,Western Pacific,Country,COK,Cook Islands,Year,2019,true,,,,,,,,,,,,,45.08,,,,,,45.1,,,EN,2023-04-17 00:00:00
ORALHEALTH_UNTREATEDCARIESDECIDUOUS,Prevalence of untreated caries of deciduous teeth in children 1-9 years (%),numeric,AMR,Americas,Country,CUB,Cuba,Year,2019,true,,,,,,,,,,,,,45.21,,,,,,45.2,,,EN,2023-04-17 00:00:00
ORALHEALTH_UNTREATEDCARIESDECIDUOUS,Prevalence of untreated caries of deciduous teeth in children 1-9 years (%),numeric,AMR,Americas,Country,BOL,Bolivia (Plurinational State of),Year,2019,true,,,,,,,,,,,,,45.30,,,,,,45.3,,,EN,2023-04-17 00:00:00
ORALHEALTH_UNTREATEDCARIESDECIDUOUS,Prevalence of untreated caries of deciduous teeth in children 1-9 years (%),numeric,AMR,Americas,Country,DOM,Dominican Republic,Year,2019,true,,,,,,,,,,,,,45.29,,,,,,45.3,,,EN,2023-04-17 00:00:00
ORALHEALTH_UNTREATEDCARIESDECIDUOUS,Prevalence of untreated caries of deciduous teeth in children 1-9 years (%),numeric,WPR,Western Pacific,Country,KHM,Cambodia,Year,2019,true,,,,,,,,,,,,,45.53,,,,,,45.5,,,EN,2023-04-17 00:00:00
ORALHEALTH_UNTREATEDCARIESDECIDUOUS,Prevalence of untreated caries of deciduous teeth in children 1-9 years (%),numeric,EMR,Eastern Mediterranean,Country,OMN,Oman,Year,2019,true,,,,,,,,,,,,,45.50,,,,,,45.5,,,EN,2023-04-17 00:00:00
ORALHEALTH_UNTREATEDCARIESDECIDUOUS,Prevalence of untreated caries of deciduous teeth in children 1-9 years (%),numeric,AMR,Americas,Country,GUY,Guyana,Year,2019,true,,,,,,,,,,,,,45.59,,,,,,45.6,,,EN,2023-04-17 00:00:00
ORALHEALTH_UNTREATEDCARIESDECIDUOUS,Prevalence of untreated caries of deciduous teeth in children 1-9 years (%),numeric,WPR,Western Pacific,Country,LAO,Lao People's Democratic Republic,Year,2019,true,,,,,,,,,,,,,45.62,,,,,,45.6,,,EN,2023-04-17 00:00:00
ORALHEALTH_UNTREATEDCARIESDECIDUOUS,Prevalence of untreated caries of deciduous teeth in children 1-9 years (%),numeric,EMR,Eastern Mediterranean,Country,PAK,Pakistan,Year,2019,true,,,,,,,,,,,,,45.73,,,,,,45.7,,,EN,2023-04-17 00:00:00
ORALHEALTH_UNTREATEDCARIESDECIDUOUS,Prevalence of untreated caries of deciduous teeth in children 1-9 years (%),numeric,EMR,Eastern Mediterranean,Country,AFG,Afghanistan,Year,2019,true,,,,,,,,,,,,,45.77,,,,,,45.8,,,EN,2023-04-17 00:00:00
ORALHEALTH_UNTREATEDCARIESDECIDUOUS,Prevalence of untreated caries of deciduous teeth in children 1-9 years (%),numeric,WPR,Western Pacific,Country,KOR,Republic of Korea,Year,2019,true,,,,,,,,,,,,,45.85,,,,,,45.9,,,EN,2023-04-17 00:00:00
ORALHEALTH_UNTREATEDCARIESDECIDUOUS,Prevalence of untreated caries of deciduous teeth in children 1-9 years (%),numeric,EUR,Europe,Country,POL,Poland,Year,2019,true,,,,,,,,,,,,,45.96,,,,,,46.0,,,EN,2023-04-17 00:00:00
ORALHEALTH_UNTREATEDCARIESDECIDUOUS,Prevalence of untreated caries of deciduous teeth in children 1-9 years (%),numeric,EMR,Eastern Mediterranean,Country,QAT,Qatar,Year,2019,true,,,,,,,,,,,,,46.05,,,,,,46.0,,,EN,2023-04-17 00:00:00
ORALHEALTH_UNTREATEDCARIESDECIDUOUS,Prevalence of untreated caries of deciduous teeth in children 1-9 years (%),numeric,WPR,Western Pacific,Country,PLW,Palau,Year,2019,true,,,,,,,,,,,,,46.32,,,,,,46.3,,,EN,2023-04-17 00:00:00
ORALHEALTH_UNTREATEDCARIESDECIDUOUS,Prevalence of untreated caries of deciduous teeth in children 1-9 years (%),numeric,AMR,Americas,Country,BRA,Brazil,Year,2019,true,,,,,,,,,,,,,46.41,,,,,,46.4,,,EN,2023-04-17 00:00:00
ORALHEALTH_UNTREATEDCARIESDECIDUOUS,Prevalence of untreated caries of deciduous teeth in children 1-9 years (%),numeric,WPR,Western Pacific,Country,NRU,Nauru,Year,2019,true,,,,,,,,,,,,,46.44,,,,,,46.4,,,EN,2023-04-17 00:00:00
ORALHEALTH_UNTREATEDCARIESDECIDUOUS,Prevalence of untreated caries of deciduous teeth in children 1-9 years (%),numeric,AMR,Americas,Country,HTI,Haiti,Year,2019,true,,,,,,,,,,,,,46.46,,,,,,46.5,,,EN,2023-04-17 00:00:00
ORALHEALTH_UNTREATEDCARIESDECIDUOUS,Prevalence of untreated caries of deciduous teeth in children 1-9 years (%),numeric,WPR,Western Pacific,Country,NIU,Niue,Year,2019,true,,,,,,,,,,,,,46.47,,,,,,46.5,,,EN,2023-04-17 00:00:00
ORALHEALTH_UNTREATEDCARIESDECIDUOUS,Prevalence of untreated caries of deciduous teeth in children 1-9 years (%),numeric,EUR,Europe,Country,UKR,Ukraine,Year,2019,true,,,,,,,,,,,,,46.48,,,,,,46.5,,,EN,2023-04-17 00:00:00
ORALHEALTH_UNTREATEDCARIESDECIDUOUS,Prevalence of untreated caries of deciduous teeth in children 1-9 years (%),numeric,WPR,Western Pacific,Country,VNM,Viet Nam,Year,2019,true,,,,,,,,,,,,,46.54,,,,,,46.5,,,EN,2023-04-17 00:00:00
ORALHEALTH_UNTREATEDCARIESDECIDUOUS,Prevalence of untreated caries of deciduous teeth in children 1-9 years (%),numeric,AMR,Americas,Country,CHL,Chile,Year,2019,true,,,,,,,,,,,,,46.60,,,,,,46.6,,,EN,2023-04-17 00:00:00
ORALHEALTH_UNTREATEDCARIESDECIDUOUS,Prevalence of untreated caries of deciduous teeth in children 1-9 years (%),numeric,WPR,Western Pacific,Country,WSM,Samoa,Year,2019,true,,,,,,,,,,,,,46.56,,,,,,46.6,,,EN,2023-04-17 00:00:00
ORALHEALTH_UNTREATEDCARIESDECIDUOUS,Prevalence of untreated caries of deciduous teeth in children 1-9 years (%),numeric,WPR,Western Pacific,Country,FJI,Fiji,Year,2019,true,,,,,,,,,,,,,46.65,,,,,,46.7,,,EN,2023-04-17 00:00:00
ORALHEALTH_UNTREATEDCARIESDECIDUOUS,Prevalence of untreated caries of deciduous teeth in children 1-9 years (%),numeric,EMR,Eastern Mediterranean,Country,IRN,Iran (Islamic Republic of),Year,2019,true,,,,,,,,,,,,,46.72,,,,,,46.7,,,EN,2023-04-17 00:00:00
ORALHEALTH_UNTREATEDCARIESDECIDUOUS,Prevalence of untreated caries of deciduous teeth in children 1-9 years (%),numeric,EUR,Europe,Country,AZE,Azerbaijan,Year,2019,true,,,,,,,,,,,,,46.78,,,,,,46.8,,,EN,2023-04-17 00:00:00
ORALHEALTH_UNTREATEDCARIESDECIDUOUS,Prevalence of untreated caries of deciduous teeth in children 1-9 years (%),numeric,SEAR,South-East Asia,Country,PRK,Democratic People's Republic of Korea,Year,2019,true,,,,,,,,,,,,,46.77,,,,,,46.8,,,EN,2023-04-17 00:00:00
ORALHEALTH_UNTREATEDCARIESDECIDUOUS,Prevalence of untreated caries of deciduous teeth in children 1-9 years (%),numeric,WPR,Western Pacific,Country,MHL,Marshall Islands,Year,2019,true,,,,,,,,,,,,,46.82,,,,,,46.8,,,EN,2023-04-17 00:00:00
ORALHEALTH_UNTREATEDCARIESDECIDUOUS,Prevalence of untreated caries of deciduous teeth in children 1-9 years (%),numeric,SEAR,South-East Asia,Country,IDN,Indonesia,Year,2019,true,,,,,,,,,,,,,46.95,,,,,,46.9,,,EN,2023-04-17 00:00:00
ORALHEALTH_UNTREATEDCARIESDECIDUOUS,Prevalence of untreated caries of deciduous teeth in children 1-9 years (%),numeric,EUR,Europe,Country,KAZ,Kazakhstan,Year,2019,true,,,,,,,,,,,,,46.88,,,,,,46.9,,,EN,2023-04-17 00:00:00
ORALHEALTH_UNTREATEDCARIESDECIDUOUS,Prevalence of untreated caries of deciduous teeth in children 1-9 years (%),numeric,EUR,Europe,Country,RUS,Russian Federation,Year,2019,true,,,,,,,,,,,,,46.87,,,,,,46.9,,,EN,2023-04-17 00:00:00
ORALHEALTH_UNTREATEDCARIESDECIDUOUS,Prevalence of untreated caries of deciduous teeth in children 1-9 years (%),numeric,WPR,Western Pacific,Country,TON,Tonga,Year,2019,true,,,,,,,,,,,,,46.92,,,,,,46.9,,,EN,2023-04-17 00:00:00
ORALHEALTH_UNTREATEDCARIESDECIDUOUS,Prevalence of untreated caries of deciduous teeth in children 1-9 years (%),numeric,WPR,Western Pacific,Country,TUV,Tuvalu,Year,2019,true,,,,,,,,,,,,,46.89,,,,,,46.9,,,EN,2023-04-17 00:00:00
ORALHEALTH_UNTREATEDCARIESDECIDUOUS,Prevalence of untreated caries of deciduous teeth in children 1-9 years (%),numeric,WPR,Western Pacific,Country,VUT,Vanuatu,Year,2019,true,,,,,,,,,,,,,46.90,,,,,,46.9,,,EN,2023-04-17 00:00:00
ORALHEALTH_UNTREATEDCARIESDECIDUOUS,Prevalence of untreated caries of deciduous teeth in children 1-9 years (%),numeric,WPR,Western Pacific,Country,FSM,Micronesia (Federated States of),Year,2019,true,,,,,,,,,,,,,47.04,,,,,,47.0,,,EN,2023-04-17 00:00:00
ORALHEALTH_UNTREATEDCARIESDECIDUOUS,Prevalence of untreated caries of deciduous teeth in children 1-9 years (%),numeric,WPR,Western Pacific,Country,CHN,China,Year,2019,true,,,,,,,,,,,,,47.15,,,,,,47.2,,,EN,2023-04-17 00:00:00
ORALHEALTH_UNTREATEDCARIESDECIDUOUS,Prevalence of untreated caries of deciduous teeth in children 1-9 years (%),numeric,AFR,Africa,Country,NER,Niger,Year,2019,true,,,,,,,,,,,,,47.16,,,,,,47.2,,,EN,2023-04-17 00:00:00
ORALHEALTH_UNTREATEDCARIESDECIDUOUS,Prevalence of untreated caries of deciduous teeth in children 1-9 years (%),numeric,WPR,Western Pacific,Country,MNG,Mongolia,Year,2019,true,,,,,,,,,,,,,47.31,,,,,,47.3,,,EN,2023-04-17 00:00:00
ORALHEALTH_UNTREATEDCARIESDECIDUOUS,Prevalence of untreated caries of deciduous teeth in children 1-9 years (%),numeric,EUR,Europe,Country,TKM,Turkmenistan,Year,2019,true,,,,,,,,,,,,,47.26,,,,,,47.3,,,EN,2023-04-17 00:00:00
ORALHEALTH_UNTREATEDCARIESDECIDUOUS,Prevalence of untreated caries of deciduous teeth in children 1-9 years (%),numeric,EUR,Europe,Country,EST,Estonia,Year,2019,true,,,,,,,,,,,,,47.43,,,,,,47.4,,,EN,2023-04-17 00:00:00
ORALHEALTH_UNTREATEDCARIESDECIDUOUS,Prevalence of untreated caries of deciduous teeth in children 1-9 years (%),numeric,EUR,Europe,Country,ARM,Armenia,Year,2019,true,,,,,,,,,,,,,47.48,,,,,,47.5,,,EN,2023-04-17 00:00:00
ORALHEALTH_UNTREATEDCARIESDECIDUOUS,Prevalence of untreated caries of deciduous teeth in children 1-9 years (%),numeric,EUR,Europe,Country,LVA,Latvia,Year,2019,true,,,,,,,,,,,,,47.50,,,,,,47.5,,,EN,2023-04-17 00:00:00
ORALHEALTH_UNTREATEDCARIESDECIDUOUS,Prevalence of untreated caries of deciduous teeth in children 1-9 years (%),numeric,EUR,Europe,Country,SVN,Slovenia,Year,2019,true,,,,,,,,,,,,,47.45,,,,,,47.5,,,EN,2023-04-17 00:00:00
ORALHEALTH_UNTREATEDCARIESDECIDUOUS,Prevalence of untreated caries of deciduous teeth in children 1-9 years (%),numeric,EUR,Europe,Country,GEO,Georgia,Year,2019,true,,,,,,,,,,,,,47.58,,,,,,47.6,,,EN,2023-04-17 00:00:00
ORALHEALTH_UNTREATEDCARIESDECIDUOUS,Prevalence of untreated caries of deciduous teeth in children 1-9 years (%),numeric,WPR,Western Pacific,Country,PNG,Papua New Guinea,Year,2019,true,,,,,,,,,,,,,47.60,,,,,,47.6,,,EN,2023-04-17 00:00:00
ORALHEALTH_UNTREATEDCARIESDECIDUOUS,Prevalence of untreated caries of deciduous teeth in children 1-9 years (%),numeric,WPR,Western Pacific,Country,KIR,Kiribati,Year,2019,true,,,,,,,,,,,,,47.71,,,,,,47.7,,,EN,2023-04-17 00:00:00
ORALHEALTH_UNTREATEDCARIESDECIDUOUS,Prevalence of untreated caries of deciduous teeth in children 1-9 years (%),numeric,EUR,Europe,Country,UZB,Uzbekistan,Year,2019,true,,,,,,,,,,,,,47.69,,,,,,47.7,,,EN,2023-04-17 00:00:00
ORALHEALTH_UNTREATEDCARIESDECIDUOUS,Prevalence of untreated caries of deciduous teeth in children 1-9 years (%),numeric,EUR,Europe,Country,HUN,Hungary,Year,2019,true,,,,,,,,,,,,,47.78,,,,,,47.8,,,EN,2023-04-17 00:00:00
ORALHEALTH_UNTREATEDCARIESDECIDUOUS,Prevalence of untreated caries of deciduous teeth in children 1-9 years (%),numeric,WPR,Western Pacific,Country,SLB,Solomon Islands,Year,2019,true,,,,,,,,,,,,,47.78,,,,,,47.8,,,EN,2023-04-17 00:00:00
ORALHEALTH_UNTREATEDCARIESDECIDUOUS,Prevalence of untreated caries of deciduous teeth in children 1-9 years (%),numeric,EUR,Europe,Country,HRV,Croatia,Year,2019,true,,,,,,,,,,,,,47.94,,,,,,47.9,,,EN,2023-04-17 00:00:00
ORALHEALTH_UNTREATEDCARIESDECIDUOUS,Prevalence of untreated caries of deciduous teeth in children 1-9 years (%),numeric,EUR,Europe,Country,CZE,Czechia,Year,2019,true,,,,,,,,,,,,,47.87,,,,,,47.9,,,EN,2023-04-17 00:00:00
ORALHEALTH_UNTREATEDCARIESDECIDUOUS,Prevalence of untreated caries of deciduous teeth in children 1-9 years (%),numeric,EUR,Europe,Country,KGZ,Kyrgyzstan,Year,2019,true,,,,,,,,,,,,,47.87,,,,,,47.9,,,EN,2023-04-17 00:00:00
ORALHEALTH_UNTREATEDCARIESDECIDUOUS,Prevalence of untreated caries of deciduous teeth in children 1-9 years (%),numeric,EUR,Europe,Country,LTU,Lithuania,Year,2019,true,,,,,,,,,,,,,48.00,,,,,,48.0,,,EN,2023-04-17 00:00:00
ORALHEALTH_UNTREATEDCARIESDECIDUOUS,Prevalence of untreated caries of deciduous teeth in children 1-9 years (%),numeric,EUR,Europe,Country,SVK,Slovakia,Year,2019,true,,,,,,,,,,,,,47.96,,,,,,48.0,,,EN,2023-04-17 00:00:00
ORALHEALTH_UNTREATEDCARIESDECIDUOUS,Prevalence of untreated caries of deciduous teeth in children 1-9 years (%),numeric,EUR,Europe,Country,BLR,Belarus,Year,2019,true,,,,,,,,,,,,,48.07,,,,,,48.1,,,EN,2023-04-17 00:00:00
ORALHEALTH_UNTREATEDCARIESDECIDUOUS,Prevalence of untreated caries of deciduous teeth in children 1-9 years (%),numeric,EUR,Europe,Country,BGR,Bulgaria,Year,2019,true,,,,,,,,,,,,,48.09,,,,,,48.1,,,EN,2023-04-17 00:00:00
ORALHEALTH_UNTREATEDCARIESDECIDUOUS,Prevalence of untreated caries of deciduous teeth in children 1-9 years (%),numeric,AMR,Americas,Country,VCT,Saint Vincent and the Grenadines,Year,2019,true,,,,,,,,,,,,,48.13,,,,,,48.1,,,EN,2023-04-17 00:00:00
ORALHEALTH_UNTREATEDCARIESDECIDUOUS,Prevalence of untreated caries of deciduous teeth in children 1-9 years (%),numeric,EUR,Europe,Country,ROU,Romania,Year,2019,true,,,,,,,,,,,,,48.19,,,,,,48.2,,,EN,2023-04-17 00:00:00
ORALHEALTH_UNTREATEDCARIESDECIDUOUS,Prevalence of untreated caries of deciduous teeth in children 1-9 years (%),numeric,EUR,Europe,Country,MDA,Republic of Moldova,Year,2019,true,,,,,,,,,,,,,48.32,,,,,,48.3,,,EN,2023-04-17 00:00:00
ORALHEALTH_UNTREATEDCARIESDECIDUOUS,Prevalence of untreated caries of deciduous teeth in children 1-9 years (%),numeric,EUR,Europe,Country,TJK,Tajikistan,Year,2019,true,,,,,,,,,,,,,48.27,,,,,,48.3,,,EN,2023-04-17 00:00:00
ORALHEALTH_UNTREATEDCARIESDECIDUOUS,Prevalence of untreated caries of deciduous teeth in children 1-9 years (%),numeric,EUR,Europe,Country,MNE,Montenegro,Year,2019,true,,,,,,,,,,,,,48.54,,,,,,48.5,,,EN,2023-04-17 00:00:00
ORALHEALTH_UNTREATEDCARIESDECIDUOUS,Prevalence of untreated caries of deciduous teeth in children 1-9 years (%),numeric,EUR,Europe,Country,ALB,Albania,Year,2019,true,,,,,,,,,,,,,48.55,,,,,,48.6,,,EN,2023-04-17 00:00:00
ORALHEALTH_UNTREATEDCARIESDECIDUOUS,Prevalence of untreated caries of deciduous teeth in children 1-9 years (%),numeric,EUR,Europe,Country,MKD,North Macedonia,Year,2019,true,,,,,,,,,,,,,48.62,,,,,,48.6,,,EN,2023-04-17 00:00:00
ORALHEALTH_UNTREATEDCARIESDECIDUOUS,Prevalence of untreated caries of deciduous teeth in children 1-9 years (%),numeric,EUR,Europe,Country,SRB,Serbia,Year,2019,true,,,,,,,,,,,,,49.08,,,,,,49.1,,,EN,2023-04-17 00:00:00
ORALHEALTH_UNTREATEDCARIESDECIDUOUS,Prevalence of untreated caries of deciduous teeth in children 1-9 years (%),numeric,EMR,Eastern Mediterranean,Country,ARE,United Arab Emirates,Year,2019,true,,,,,,,,,,,,,50.83,,,,,,50.8,,,EN,2023-04-17 00:00:00
ORALHEALTH_UNTREATEDCARIESDECIDUOUS,Prevalence of untreated caries of deciduous teeth in children 1-9 years (%),numeric,SEAR,South-East Asia,Country,NPL,Nepal,Year,2019,true,,,,,,,,,,,,,51.22,,,,,,51.2,,,EN,2023-04-17 00:00:00
ORALHEALTH_UNTREATEDCARIESDECIDUOUS,Prevalence of untreated caries of deciduous teeth in children 1-9 years (%),numeric,EUR,Europe,Country,BIH,Bosnia and Herzegovina,Year,2019,true,,,,,,,,,,,,,52.73,,,,,,52.7,,,EN,2023-04-17 00:00:00
ORALHEALTH_UNTREATEDCARIESDECIDUOUS,Prevalence of untreated caries of deciduous teeth in children 1-9 years (%),numeric,EMR,Eastern Mediterranean,Country,SAU,Saudi Arabia,Year,2019,true,,,,,,,,,,,,,53.21,,,,,,53.2,,,EN,2023-04-17 00:00:00
